{
    "1.0.0": {
        "releaseNotes": "Basic tools for content development.",
        "displayName": "1.0.0 - R69575",
        "released": "2020-07-20T12:29:51Z"
    },
    "1.0.1": {
        "releaseNotes": "\n#### Scripts\n##### VerifyContextFields\n- Maintenance and stability enhancements\n##### VerifyContext\n- Maintenance and stability enhancements\n##### StringContains\n- Maintenance and stability enhancements\n##### WhileLoop\n- Maintenance and stability enhancements\n",
        "displayName": "1.0.1 - R242050",
        "released": "2021-01-04T19:25:41Z"
    }
}