{
    "name": "Developer Tools",
    "id": "DeveloperTools",
    "description": "Basic tools for content development.",
    "created": "2020-06-09T15:04:49Z",
    "updated": "2021-01-04T19:25:41Z",
    "legacy": true,
    "support": "xsoar",
    "supportDetails": {
        "url": "https://www.paloaltonetworks.com/cortex"
    },
    "eulaLink": "https://github.com/demisto/content/blob/master/LICENSE",
    "author": "Cortex XSOAR",
    "authorImage": "content/packs/Base/Author_image.png",
    "certification": "certified",
    "price": 0,
    "serverMinVersion": "5.0.0",
    "currentVersion": "1.0.1",
    "versionInfo": "242050",
    "commit": "20bfc5ce3e19583aaa25d4e8d4622875ebf41d88",
    "downloads": 6417,
    "tags": [],
    "categories": [
        "Utilities"
    ],
    "contentItems": {
        "automation": [
            {
                "name": "SetContext",
                "description": "Deprecated. Sets key/value pair in incident's context",
                "tags": [
                    "Utility"
                ]
            },
            {
                "name": "FetchFromInstance",
                "description": "Execute FetchIncident for a given instance",
                "tags": []
            },
            {
                "name": "VerifyHumanReadableContains",
                "description": "Verify given entry contains a string",
                "tags": []
            },
            {
                "name": "StringContains",
                "description": "Deprecated. Checks whether substring is within string. Returns - yes - string contains substring. no - string does not contain substring. If stringSeperator is provided, the substring will be split using the separator, and each item will be checked. If one of the items will be found in the string, the srcipt will return yes. This script is deprecated. The StringContainsArray filter implements the exact functionality.",
                "tags": [
                    "Condition",
                    "Utility"
                ]
            },
            {
                "name": "VerifyContextFields",
                "description": "Deprecated. Verify fields are in context (use VerifyContext instead)",
                "tags": [
                    "Utility"
                ]
            },
            {
                "name": "VerifyContext",
                "description": "Deprecated. use playbook filters instead. Verifies path in context - - Verifies path existence - If matching object is an array -  verify fields exists in each of the objects in the array - If matching object is not an array -  verify fields exists in matching object - if 'expectedValue' is given -  ensure that the given value is equal to the context path",
                "tags": [
                    "context",
                    "Utility"
                ]
            },
            {
                "name": "WhileLoop",
                "description": "Deprecated. While loop is utility script, to do while loops on specific commands or scripts, it will allow you to loop over until some condition is fulfilled (${keyToWatch} == value). Please make sure timeout of the script also sufficient for the loop.",
                "tags": [
                    "Utility"
                ]
            }
        ]
    },
    "integrations": [
        {
            "name": "Demisto REST API",
            "imagePath": "content/packs/DemistoRESTAPI/DemistoRESTAPI_image.png"
        },
        {
            "name": "Generic SQL",
            "imagePath": "content/packs/GenericSQL/GenericSQL_image.png"
        }
    ],
    "useCases": [],
    "keywords": [
        "tools",
        "developer"
    ],
    "dependencies": {
        "DemistoRESTAPI": {
            "mandatory": true,
            "minVersion": "1.1.2",
            "author": "Cortex XSOAR",
            "name": "Demisto REST API",
            "certification": "certified"
        },
        "GenericSQL": {
            "mandatory": true,
            "minVersion": "1.0.8",
            "author": "Cortex XSOAR",
            "name": "GenericSQL",
            "certification": "certified"
        },
        "Base": {
            "mandatory": true,
            "minVersion": "1.6.2",
            "author": "Cortex XSOAR",
            "name": "Base",
            "certification": "certified"
        },
        "D2": {
            "mandatory": true,
            "minVersion": "1.0.0",
            "author": "Cortex XSOAR",
            "name": "D2",
            "certification": "certified"
        }
    }
}